{"basic": 0.14031198057607913, "basic_url_random": 0.09662731264847743, "basic_url_cluster": 0.1395533558674544, "boundary_url_cluster": 0.14044178097538412, "boundary_url_cluster_pca": 0.13054679129796146}